orderid,id,name,image,sketch,screenshot,url,githubURL
1,8,Vineela Aradhyula,https://i.imgur.com/00V1jY9.jpg,https://i.imgur.com/JqvXjLc.jpg,https://i.imgur.com/PsY9iU5.gif,https://github.com/human-interaction/project1,https://github.com/human-interaction
2,14,Blaine Sieck,https://i.imgur.com/ZXqHNnb.jpg,https://i.imgur.com/5MCIaXA.png,https://i.imgur.com/pnv5Rk4.png,https://blainesieck.github.io/P1.14/,https://github.com/BlaineSieck/P1.14
3,5,Logan Powers,https://i.imgur.com/nNx8BUj.jpg,https://i.imgur.com/FKm2f9O.jpg,https://i.imgur.com/K184dsA.png,https://kennet22.github.io/P1.5/,https://github.com/kennet22/P1.5
4,6,Katrina Bueno,https://i.imgur.com/3sA83gB.png,https://i.imgur.com/ONXDhLf.png,https://i.imgur.com/ywXRiQJ.png,https://hannahmestes.github.io/P1.6/,https://github.com/hannahmestes/P1.6
5,7,Huyen Nguyen,https://i.imgur.com/icPKzcH.jpg,https://i.imgur.com/8rzktm3.png,https://i.imgur.com/z9IxZLV.png,https://alex-nguyen.github.io/P1.7/,https://github.com/Alex-Nguyen/P1.7
6,9,Bao Dien Quoc Nguyen,https://i.imgur.com/VbikWc9.jpg,https://i.imgur.com/Ygxm0Y8.jpg,https://i.imgur.com/ttPHAOm.png,https://baodnguyen.github.io/HCI-Project1-Group9/,https://github.com/BaoDNguyen/HCI-Project1
7,10,Angela Green,https://i.imgur.com/BuxS9Sn.jpg,https://i.imgur.com/f4m0m6I.jpg,https://i.imgur.com/yFyR84V.png,https://angelagreen888.github.io/P1.10/,https://github.com/AngelaGreen888/P1.10
8,12,Josephine Willgrubs,https://i.imgur.com/5zohcO2.jpg,https://i.imgur.com/4zl83l6.jpg,https://i.imgur.com/KBygnqp.png,https://charlottephillipss.github.io/p1.12/,https://github.com/CharlottePhillipss/p1.12
9,15,Ayodeji Ejiade,https://i.imgur.com/V3ijomw.jpg,https://i.imgur.com/MEwhdXi.jpg,https://i.imgur.com/ZXqHNnb.jpg,https://ejiadedeji.github.io/SmartMirror/,https://github.com/ejiadedeji/SmartMirror
10,16,Michael Bishop,https://i.imgur.com/RKR9M04.jpg,https://i.imgur.com/9eFmY5z.jpg,https://i.imgur.com/K1DH2GB.gif,https://the-fireplace.github.io/P1.16/,https://github.com/The-Fireplace/P1.16
11,17,Luis Sandoval,https://i.imgur.com/wUnwGAo.jpg,https://i.imgur.com/zqOntQD.jpg,https://i.imgur.com/ITqtSTl.gif,,https://github.com/LuisEduardoSandoval/MirrorProjectGroup17
12,18,Enrique Cervantes,https://i.imgur.com/j4ojfAq.jpg,https://i.imgur.com/kIkI1lY.jpg,https://i.imgur.com/ZXqHNnb.jpg,https://idatavisualizationlab.github.io/CS3366/blankpage.html,No Submission
13,19,Jiayu Yan,https://i.imgur.com/ZXqHNnb.jpg,https://i.imgur.com/jWxyOP2.png,https://i.imgur.com/uLavf9T.gif,https://dyaniel96.github.io/HCI.P1.19/,https://github.com/dyaniel96/HCI.P1.19
14,21,Kevin Torres,https://i.imgur.com/CwJW7Ui.jpg,https://i.imgur.com/dXVewXP.png,https://i.imgur.com/d1RaN0f.png,https://sapphirelion.github.io/p1.21/,https://github.com/SapphireLion/p1.21/blob/master/p1.21.gif
15,1,Aaron Arnold,https://i.imgur.com/GFYv7F5.jpg,https://i.imgur.com/ZXqHNnb.jpg,https://i.imgur.com/ZXqHNnb.jpg,https://apape97.github.io/P1.1/,https://github.com/apape97/P1.1
16,2,James Sigler,https://i.imgur.com/ZXqHNnb.jpg,https://i.imgur.com/LetQqRk.jpg,https://i.imgur.com/eXhNlKT.png,https://aaronpingo96.github.io/P1.2/,https://github.com/AaronPingo96/P1.2
17,3,Michael Kiros,https://i.imgur.com/2pVva7o.jpg,https://i.imgur.com/Gc6ZRzz.jpg,https://i.imgur.com/ZXqHNnb.jpg,https://hci-team-id-3.github.io/,https://github.com/Maktm/P1.3
18,4,Manoj Khatri,https://i.imgur.com/ItJlKsx.jpg,https://i.imgur.com/uRxCX7w.png,https://i.imgur.com/xJyHEZb.png,https://github.com/Mkr1996/SmartReflection/blob/master/README.md,https://github.com/Mkr1996/SmartReflection
19,11,James Fallon,https://i.imgur.com/ZXqHNnb.jpg,https://i.imgur.com/ZXqHNnb.jpg,https://i.imgur.com/P9E5fFf.png,https://jerhowden.github.io/HCI-SmartMirror/,https://github.com/JerHowden/HCI-SmartMirror
20,13,Ti'Ara Carroll,https://i.imgur.com/ZXqHNnb.jpg,https://i.imgur.com/ZXqHNnb.jpg,https://i.imgur.com/X8SJ3iB.png,https://tiara28307.github.io/CS-3366-P1-Group13/,https://github.com/tiara28307/CS-3366-P1-Group13